cve,announce_date,cwe_ids,cwe_names,subject
CVE-2026-18536,"01 Aug 2026 10:38 UTC",CWE-319;CWE-353,"Cleartext Transmission of Sensitive Information;Missing Support for Integrity Check","CVE-2026-18536: Data::Entropy versions before 0.010 for Perl read remote entropy sources over plain HTTP"
CVE-2026-56016,"01 Jul 2026 06:47 UTC",CWE-340;CWE-338,"Generation of Predictable Numbers or Identifiers;Use of Cryptographically Weak Pseudo-Random Number Generator","CVE-2026-56016: CGI::Session::ID::md5 versions before 4.49 for Perl generate predictable session ids from low-entropy sources"
CVE-2025-15646,"01 Jul 2026 14:40 UTC",CWE-843;CWE-125,"Access of Resource Using Incompatible Type (Type Confusion);Out-of-bounds Read","CVE-2025-15646: HTML::Gumbo versions before 0.19 for Perl disclose heap memory via type confusion"
CVE-2026-81928,"01 Sep 2026 23:23 UTC",CWE-674,"Uncontrolled Recursion","CVE-2026-81928: Net::DNS versions before 1.57 for Perl allow memory exhaustion via unbounded recursion in sig_data when re-encoding a message with a misplaced TSIG record"
CVE-2026-18089,"03 Aug 2026 12:44 UTC",CWE-347;CWE-295,"Improper Verification of Cryptographic Signature;Improper Certificate Validation","CVE-2026-18089: Net::SAML2 versions before 0.86 for Perl allow SAML authentication bypass by verifying responses against the response-embedded certificate in verify_xml when no trust anchor is configured"
CVE-2026-18108,"03 Aug 2026 13:05 UTC",CWE-347,"Improper Verification of Cryptographic Signature","CVE-2026-18108: Net::SAML2 versions before 0.86 for Perl allow authentication bypass because _verify_encrypted_assertion accepts an EncryptedAssertion whose decrypted content carries no signature"
CVE-2026-9390,"03 Aug 2026 13:11 UTC",CWE-643;CWE-1287,"Improper Neutralization of Data within XPath Expressions;Improper Validation of Specified Type of Input","CVE-2026-9390: XML::Sig versions before 0.71 for Perl allow XPath injection in ID lookup"
CVE-2026-18092,"03 Aug 2026 13:26 UTC",CWE-347,"Improper Verification of Cryptographic Signature","CVE-2026-18092: Net::SAML2 versions before 0.86 for Perl allow SAML authentication bypass via XML signature wrapping because new_from_xml reads assertion identity with document-wide XPath instead of the signed subtree"
CVE-2026-9487,"03 Aug 2026 13:42 UTC",CWE-347,"Improper Verification of Cryptographic Signature","CVE-2026-9487: XML::Sig versions before 0.71 for Perl allow signature wrapping via duplicate ID"
CVE-2026-18568,"03 Aug 2026 14:40 UTC",CWE-347,"Improper Verification of Cryptographic Signature","CVE-2026-18568: XML::Sig versions from 0.29 before 0.72 for Perl allow signature verification bypass because verify returns true when every signature was skipped before any cryptographic check"
CVE-2026-56015,"03 Jul 2026 12:57 UTC",CWE-125,"Out-of-bounds Read","CVE-2026-56015: Net::IP::LPM versions through 1.10 for Perl allow a heap out-of-bounds read via an unbounded prefix length"
CVE-2026-9334,"03 Jun 2026 00:32 UTC",CWE-843,"Access of Resource Using Incompatible Type ('Type Confusion')","CVE-2026-9334: Cpanel::JSON::XS versions before 4.41 for Perl allow type confusion via duplicate object keys when dupkeys_as_arrayref is enabled"
CVE-2026-9516,"03 Jun 2026 00:34 UTC",CWE-763;CWE-755,"Release of Invalid Pointer or Reference;Improper Handling of Exceptional Conditions","CVE-2026-9516: Cpanel::JSON::XS versions before 4.41 for Perl allow denial of service via UTF-8 BOM prefixed input when a decode filter callback throws"
CVE-2026-8722,"03 Jun 2026 23:48 UTC",CWE-93,"Improper Neutralization of CRLF Sequences","CVE-2026-8722: Net::Async::Statsd::Client versions through 0.005 for Perl allow metric injections"
CVE-2026-40561,"03 May 2026 00:58 UTC",CWE-444,"Inconsistent Interpretation of HTTP Requests ('HTTP","CVE-2026-40561: Starlet versions through 0.31 for Perl allows HTTP Request Smuggling via Improper Header Precedence"
CVE-2026-66901,"04 Aug 2026 20:50 UTC",CWE-918;CWE-201,"Server-Side Request Forgery (SSRF);Insertion of Sensitive Information Into Sent Data","CVE-2026-66901: Google::Auth versions before 0.09 for Perl allow server side request forgery and credential exfiltration via unvalidated URLs taken from the credentials JSON"
CVE-2026-66902,"04 Aug 2026 20:52 UTC",CWE-78;CWE-829,"Improper Neutralization of Special Elements used in an OS;Inclusion of Functionality from Untrusted Control Sphere","CVE-2026-66902: Google::Auth versions before 0.06 for Perl run a command named in an external_account credentials JSON via an ungated system call"
CVE-2026-12746,"04 Jul 2026 17:55 UTC",CWE-352,"Cross-Site Request Forgery (CSRF)","CVE-2026-12746: Dancer2::Plugin::Auth::OAuth::Provider versions before 0.23 for Perl do not support the OAuth 2.0 state parameter"
CVE-2026-12740,"04 Jul 2026 17:59 UTC",CWE-352,"Cross-Site Request Forgery (CSRF)","CVE-2026-12740: Plack::Middleware::OAuth versions through 0.10 for Perl do not support the OAuth 2.0 state parameter"
CVE-2026-8829,"04 Jun 2026 02:09 UTC",CWE-416,"Use After Free","CVE-2026-8829: HTML::Entities versions before 3.84 for Perl read freed heap memory in _decode_entities"
CVE-2026-46739,"04 Jun 2026 15:47 UTC",CWE-93,"Improper Neutralization of CRLF Sequences","CVE-2026-46739: Net::Statsd versions before 0.13 for Perl allow metric injections"
CVE-2026-46741,"04 Jun 2026 15:55 UTC",CWE-93,"Improper Neutralization of CRLF Sequences","CVE-2026-46741: Etsy::StatsD versions through 1.002002 for Perl allow metric injections"
CVE-2026-49940,"04 Jun 2026 16:09 UTC",CWE-1289,"Improper Validation of Unsafe Equivalence in Input","CVE-2026-49940: Net::CIDR::Set versions through 0.20 for Perl accept non-ASCII IP addresses and netmasks"
CVE-2026-49941,"04 Jun 2026 16:10 UTC",CWE-1287;CWE-674,"Improper Validation of Specified Type of Input;Uncontrolled Recursion","CVE-2026-49941: Net::CIDR::Set versions through 0.20 for Perl did not validate IP addresses"
CVE-2026-49942,"04 Jun 2026 16:11 UTC",CWE-1289,"Improper Validation of Unsafe Equivalence in Input","CVE-2026-49942: Net::CIDR::Set versions through 0.20 for Perl did not validate network masks"
CVE-2026-82309,"04 Sep 2026 12:22 UTC",CWE-770;CWE-405,"Allocation of Resources Without Limits or Throttling;Asymmetric Resource Consumption (Amplification)","CVE-2026-82309: Robots::Validate versions from 0.3.2 before 0.3.11 for Perl allow unbounded outbound DNS queries per validation via a forward-confirmation loop that does not bound the names it queries"
CVE-2026-14570,"05 Jul 2026 01:33 UTC",CWE-330,"Use of Insufficiently Random Values","CVE-2026-14570: Crypt::DSA versions before 1.22 for Perl draw the DSA signing nonce and private key from a biased random generator, leading to private-key recovery"
CVE-2026-10879,"05 Jun 2026 14:34 UTC",CWE-787,"Out-of-bounds Write","CVE-2026-10879: DBI versions before 1.648 for Perl have a heap overflow when preparsing SQL statements with more than 9 binders"
CVE-2026-9270,"05 Jun 2026 14:44 UTC",CWE-93;CWE-150,"Improper Neutralization of CRLF Sequences;Improper Neutralization of Escape, Meta, or Control Sequences","CVE-2026-9270: DataDog::DogStatsd versions through 0.07 for Perl allow metric injections"
CVE-2026-11362,"05 Jun 2026 14:46 UTC",CWE-93;CWE-150,"Improper Neutralization of CRLF Sequences;Improper Neutralization of Escape, Meta, or Control Sequences","CVE-2026-11362: DataDog::DogStatsd versions through 0.07 for Perl allow metric injections from event tags"
CVE-2026-14803,"06 Jul 2026 01:39 UTC",CWE-674,"Uncontrolled Recursion","CVE-2026-14803: Mojo::JSON versions before 9.47 for Perl allow memory exhaustion via unbounded recursion in the pure-Perl decoder"
CVE-2026-13705,"06 Jul 2026 12:06 UTC",CWE-125,"Out-of-bounds Read","CVE-2026-13705: Imager versions before 1.032 for Perl have a heap out-of-bounds read in the bundled Imager::File::SGI reader via a 16-bit RLE literal run in read_rgb_16_rle"
CVE-2026-13708,"06 Jul 2026 12:07 UTC",CWE-401,"Missing Release of Memory after Effective Lifetime","CVE-2026-13708: Imager::File::JPEG versions before 1.003 for Perl leak heap memory when reading a JPEG with repeated APP13 markers in i_readjpeg_wiol"
CVE-2026-10725,"06 Jun 2026 09:16 UTC",CWE-409,"Improper Handling of Highly Compressed Data (Data","CVE-2026-10725: Protocol::HTTP2 versions through 1.12 for Perl is vulnerable to a HTTP/2 Bomb"
CVE-2026-5081,"06 May 2026 12:19 UTC",CWE-340,"Generation of Predictable Numbers or Identifiers","CVE-2026-5081: Apache::Session::Generate::ModUniqueId versions from 1.54 through 1.94 for Perl session ids are insecure"
CVE-2026-40562,"06 May 2026 12:38 UTC",CWE-444,"Inconsistent Interpretation of HTTP Requests ('HTTP","CVE-2026-40562: Gazelle versions through 0.49 for Perl allows HTTP Request Smuggling via Improper Header Precedence"
CVE-2026-86219,"06 Sep 2026 17:48 UTC",CWE-294,"Authentication Bypass by Capture-replay","CVE-2026-86219: Authen::SASL::Perl::DIGEST_MD5 versions before 2.2100 for Perl accept replayed authentication responses via unverified nonce in server_step"
CVE-2026-86304,"06 Sep 2026 22:25 UTC",CWE-347,"Improper Verification of Cryptographic Signature","CVE-2026-86304: MojoX::Authentication versions before 0.006 for Perl allow SAML authentication bypass because parse_assertion builds Net::SAML2::Binding::POST without a trust anchor"
CVE-2026-19082,"07 Aug 2026 17:59 UTC",CWE-125,"Out-of-bounds Read","CVE-2026-19082: Imager versions from 0.45_02 before 1.034 for Perl may expose adjacent heap bytes via strlen() over-read from zero-count ASCII EXIF entries in copy_string_tags"
CVE-2026-17435,"07 Aug 2026 19:04 UTC",CWE-59,"Improper Link Resolution Before File Access ('Link Following')","CVE-2026-17435: File::Rotate::Simple versions before 0.4.0 for Perl create the target of dangling symlinks when rotating files"
CVE-2011-10043,"07 Jul 2026 11:47 UTC",CWE-145,"Improper Neutralization of Section Delimiters","CVE-2011-10043: Module::Load versions before 0.22 for Perl allow arbitrary modules outside of @INC to be loaded"
CVE-2026-7017,"07 Jul 2026 17:43 UTC",CWE-522,"Insufficiently Protected Credentials","CVE-2026-7017: HTTP::Tiny versions before 0.095 for Perl forward credential headers to cross-origin redirect targets"
CVE-2026-14380,"07 Jul 2026 22:06 UTC",CWE-95,"Improper Neutralization of Directives in Dynamically Evaluated","CVE-2026-14380: DBI versions before 1.650 for Perl are vulnerable to code injection via caller-influenced Profile"
CVE-2026-14740,"07 Jul 2026 22:08 UTC",CWE-125,"Out-of-bounds Read","CVE-2026-14740: DBI versions before 1.650 for Perl read one byte out-of-bounds in preparse when deleting an initial SQL comment"
CVE-2026-14895,"07 Jul 2026 22:13 UTC",CWE-1333,"Inefficient Regular Expression Complexity","CVE-2026-14895: String::Util versions before 1.36 for Perl are susceptible to a regular expression denial of service"
CVE-2026-86287,"07 Sep 2026 18:28 UTC",CWE-1287,"Improper Validation of Specified Type of Input","CVE-2026-86287: Net::IP::LPM versions before 1.12 for Perl accept malformed prefix lengths"
CVE-2026-16028,"07 Sep 2026 18:40 UTC",CWE-401,"Missing Release of Memory after Effective Lifetime","CVE-2026-16028: Protocol::HTTP2 versions before 1.14 for Perl allow memory exhaustion via closed streams that stream_state never removes from the connection stream table"
CVE-2026-14454,"08 Jul 2026 12:31 UTC",CWE-196;CWE-789,"Unsigned to Signed Conversion Error;Memory Allocation with Excessive Size Value","CVE-2026-14454: Imager versions before 1.033 for Perl treat unsigned EXIF IFD entry counts as signed"
CVE-2026-49145,"08 Jul 2026 14:58 UTC",CWE-73;CWE-426,"External Control of File Name or Path;Untrusted Search Path","CVE-2026-49145: App::Ack versions through 3.10.0 for Perl read arbitrary files via --files-from in a project .ackrc"
CVE-2026-49146,"08 Jul 2026 14:59 UTC",CWE-770,"Allocation of Resources Without Limits or Throttling","CVE-2026-49146: App::Ack versions before 3.10.0 for Perl allow memory exhaustion via an unbounded context value in a project .ackrc"
CVE-2026-49147,"08 Jul 2026 15:00 UTC",CWE-150,"Improper Neutralization of Escape, Meta, or Control Sequences","CVE-2026-49147: App::Ack versions through 3.10.0 for Perl print unsanitised terminal escape sequences from filenames in several output modes"
CVE-2013-10075,"08 May 2026 07:46 UTC",CWE-672,"Operation on a Resource after Expiration or Release","CVE-2013-10075: Apache::Session versions through 1.94 for Perl re-creates deleted sessions"
CVE-2026-6659,"08 May 2026 17:23 UTC",CWE-338,"Use of Cryptographically Weak Pseudo-Random Number Generator","CVE-2026-6659: Crypt::PasswdMD5 versions through 1.42 for Perl generates insecure random values for salts"
CVE-2026-19872,"08 Sep 2026 20:11 UTC",CWE-79,"Improper Neutralization of Input During Web Page Generation","CVE-2026-19872: HTML::FormHandler versions before 0.410000 for Perl allow cross-site scripting via a submitted value rendered unescaped in an error message"
CVE-2026-85484,"08 Sep 2026 20:12 UTC",CWE-79,"Improper Neutralization of Input During Web Page Generation","CVE-2026-85484: HTML::FormHandler versions before 0.410002 for Perl render option group labels and radio button labels into HTML without escaping"
CVE-2026-85485,"08 Sep 2026 20:13 UTC",CWE-79,"Improper Neutralization of Input During Web Page Generation","CVE-2026-85485: HTML::FormHandler versions before 0.410002 for Perl render some error messages into HTML without escaping"
CVE-2026-85630,"08 Sep 2026 20:14 UTC",CWE-79,"Improper Neutralization of Input During Web Page Generation","CVE-2026-85630: HTML::FormHandler versions before 0.410002 for Perl render field attributes into HTML without escaping using the process_attrs method"
CVE-2026-17510,"09 Aug 2026 01:27 UTC",CWE-476,"NULL Pointer Dereference","CVE-2026-17510: Crypt::OpenSSL::PKCS12 versions before 1.98 for Perl allow a NULL pointer dereference in print_attribute via a zero length BMPSTRING attribute"
CVE-2026-15534,"09 Aug 2026 17:52 UTC",CWE-190;CWE-125;CWE-787,"Integer Overflow or Wraparound;Out-of-bounds Read;Out-of-bounds Write","CVE-2026-15534: Perl versions through 5.45.1 have out-of-bounds heap reads and writes during regular expression matching via an undersized superlinear cache in S_regmatch"
CVE-2026-9698,"09 Jun 2026 07:26 UTC",CWE-787,"Out-of-bounds Write","CVE-2026-9698: DBI versions before 1.648 for Perl saved errors in a limited-sized buffer"
CVE-2009-10007,"09 Jun 2026 07:41 UTC",CWE-384,"Session Fixation","CVE-2009-10007: Catalyst::Plugin::Authentication versions before 0.10_027 for Perl is susceptible to session fixation attacks"
CVE-2026-50639,"10 Jun 2026 18:34 UTC",CWE-93,"Improper Neutralization of CRLF Sequences","CVE-2026-50639: Metrics::Any::Adapter::SignalFx versions before 0.04 for Perl does not protect against metric injections"
CVE-2026-50638,"10 Jun 2026 18:35 UTC",CWE-93,"Improper Neutralization of CRLF Sequences","CVE-2026-50638: Metrics::Any::Adapter::DogStatsd versions before 0.04 for Perl does not protect against metric injections"
CVE-2026-50637,"10 Jun 2026 18:36 UTC",CWE-93,"Improper Neutralization of CRLF Sequences","CVE-2026-50637: Metrics::Any::Adapter::Statsd versions before 0.04 for Perl does not protect against metric injections"
CVE-2026-45179,"10 May 2026 19:34 UTC",CWE-319,"Cleartext Transmission of Sensitive Information","CVE-2026-45179: Plack::Middleware::Statsd versions before 0.9.0 for Perl may leak user IP addresses"
CVE-2026-45180,"10 May 2026 20:08 UTC",CWE-319,"Cleartext Transmission of Sensitive Information","CVE-2026-45180: Catalyst::Plugin::Statsd versions through 0.10.0 for Perl may leak session ids"
CVE-2026-45190,"10 May 2026 20:24 UTC",CWE-1289,"Improper Validation of Unsafe Equivalence in Input","CVE-2026-45190: Net::CIDR::Lite versions before 0.24 for Perl does not properly validate IP address and CIDR mask inputs, which may allow IP ACL bypass"
CVE-2026-45191,"10 May 2026 20:25 UTC",CWE-1289,"Improper Validation of Unsafe Equivalence in Input","CVE-2026-45191: Net::CIDR::Lite versions before 0.24 for Perl does not properly consider extraneous zero characters in CIDR mask values, which may allow IP ACL bypass"
CVE-2026-8177,"10 May 2026 20:55 UTC",CWE-125,"Out-of-bounds Read","CVE-2026-8177: XML::LibXML versions through 2.0210 for Perl read out-of-bounds heap memory when parsing XML node names containing truncated UTF-8 byte sequences"
CVE-2026-5084,"11 May 2026 07:25 UTC",CWE-340;CWE-338,"Generation of Predictable Numbers or Identifiers;Use of Cryptographically Weak Pseudo-Random Number Generator","CVE-2026-5084: WebDyne::Session versions through 2.075 for Perl generates the session id insecurely"
CVE-2022-4988,"11 May 2026 19:07 UTC",CWE-1395,"Dependency on Vulnerable Third-Party Component","CVE-2022-4988: Alien::FreeImage versions through 1.001 for Perl contains several vulnerable libraries"
CVE-2026-6146,"11 May 2026 19:14 UTC",CWE-338,"Use of Cryptographically Weak Pseudo-Random Number Generator","CVE-2026-6146: Amazon::Credentials versions through 1.2.0 for Perl uses rand to generate encryption keys"
CVE-2026-7010,"11 May 2026 21:18 UTC",CWE-113,"Improper Neutralization of CRLF Sequences in HTTP Headers","CVE-2026-7010: HTTP::Tiny versions before 0.093 for Perl do not validate CRLF in HTTP request lines or control field header values"
CVE-2026-19566,"12 Aug 2026 08:41 UTC",CWE-1284;CWE-789,"Improper Validation of Specified Quantity in Input;Memory Allocation with Excessive Size Value","CVE-2026-19566: Net::CIDR::Set versions before 0.23 for Perl allow memory exhaustion and malformed set ranges via unbounded IPv6 prefix lengths"
CVE-2026-16770,"12 Aug 2026 23:15 UTC",CWE-88,"Improper Neutralization of Argument Delimiters in a Command","CVE-2026-16770: PDF::WebKit versions through 1.2 for Perl allow argument injection into wkhtmltopdf via meta tags in the source document"
CVE-2026-17431,"12 Aug 2026 23:18 UTC",CWE-78;CWE-73,"Improper Neutralization of Special Elements used in an OS;External Control of File Name or Path","CVE-2026-17431: PDF::WebKit versions through 1.2 for Perl allow OS command injection via a 2-arg open() of the output path in to_pdf and of stylesheet paths in _style_tag_for"
CVE-2017-20240,"12 Jun 2026 13:23 UTC",CWE-208,"Observable Timing Discrepancy","CVE-2017-20240: Crypt::PBKDF2 versions before 0.261630 for Perl are vulnerable to timing attacks"
CVE-2026-9638,"12 Jun 2026 14:43 UTC",CWE-338,"Use of Cryptographically Weak Pseudo-Random Number Generator","CVE-2026-9638: Crypt::PBKDF2 versions before 0.261630 for Perl generate insecure random values for salts"
CVE-2026-9641,"12 Jun 2026 15:01 UTC",CWE-916,"Use of Password Hash With Insufficient Computational Effort","CVE-2026-9641: Crypt::PBKDF2 versions before 0.261630 for Perl have a weak default algorithm and number of iterations"
CVE-2026-8368,"12 May 2026 14:07 UTC",CWE-522,"Insufficiently Protected Credentials","CVE-2026-8368: LWP::UserAgent versions before 6.83 for Perl leak Authorization and Proxy-Authorization headers on cross-origin redirects"
CVE-2026-5089,"12 May 2026 16:59 UTC",CWE-124,"Buffer Underwrite ('Buffer Underflow')","CVE-2026-5089: YAML::Syck versions before 1.38 for Perl has an out-of-bounds read"
CVE-2026-19487,"13 Aug 2026 15:54 UTC",CWE-670,"Always-Incorrect Control Flow Implementation","CVE-2026-19487: Perl versions from 5.9.4 before 5.41.9 produce incorrect regular expression match results when a stale failure flag ends the Aho-Corasick prescan early in S_find_byclass"
CVE-2022-4993,"13 Aug 2026 16:30 UTC",CWE-1336;CWE-470,"Improper Neutralization of Special Elements Used in a;Use of Externally-Controlled Input to Select Classes or Code","CVE-2022-4993: HTML::FormHandler versions through 0.40068 for Perl allow attacker selected method dispatch and resource exhaustion because _apply_actions and add_error use error message text built from request data as a Locale::Maketext bracket notation template"
CVE-2026-13048,"13 Aug 2026 16:31 UTC",CWE-95;CWE-22,"Improper Neutralization of Directives in Dynamically Evaluated;Improper Limitation of a Pathname to a Restricted Directory","CVE-2026-13048: Data::MuForm::Localizer versions through 0.05 for Perl execute Perl from a message catalog header, reached at an arbitrary path because load_lexicon interpolates the language attribute into the catalog filename"
CVE-2026-13051,"13 Aug 2026 16:31 UTC",CWE-1336;CWE-470,"Improper Neutralization of Special Elements Used in a;Use of Externally-Controlled Input to Select Classes or Code","CVE-2026-13051: Form::Processor::Field::HtmlArea versions from 0.06 through 1.162360 for Perl allow attacker selected method dispatch and resource exhaustion via an HTML::Tidy diagnostic that validate passes to add_error as a Locale::Maketext template"
CVE-2026-13221,"13 Jul 2026 15:43 UTC",CWE-190,"Integer Overflow or Wraparound","CVE-2026-13221: Perl versions through 5.43.9 produce silently incorrect regular expression matches when an alternation of more than 65535 fixed string branches is compiled into a trie in Perl_study_chunk"
CVE-2026-57432,"13 Jul 2026 15:46 UTC",CWE-190;CWE-125,"Integer Overflow or Wraparound;Out-of-bounds Read","CVE-2026-57432: Perl versions through 5.43.10 have an integer overflow in S_measure_struct leading to an out-of-bounds heap read in pack and unpack"
CVE-2026-57433,"13 Jul 2026 15:51 UTC",CWE-190,"Integer Overflow or Wraparound","CVE-2026-57433: Storable versions before 3.41 for Perl have a signed integer overflow when deserializing a crafted SX_HOOK record"
CVE-2026-58101,"13 Jul 2026 22:25 UTC",CWE-476,"NULL Pointer Dereference","CVE-2026-58101: Crypt::OpenSSL::X509 versions before 2.1.3 for Perl allow denial of service via NULL pointer dereference"
CVE-2026-58102,"13 Jul 2026 22:25 UTC",CWE-125,"Out-of-bounds Read","CVE-2026-58102: Crypt::OpenSSL::X509 versions before 2.1.3 for Perl allow a heap out-of-bounds read via a long certificate extension OID in hv_exts"
CVE-2026-8463,"13 May 2026 12:43 UTC",CWE-126;CWE-191,"Buffer Over-read;Integer Underflow (Wrap or Wraparound)","CVE-2026-8463: Crypt::Argon2 versions from 0.017 before 0.031 for Perl perform a heap out-of-bounds read in argon2_verify on empty encoded input"
CVE-2026-8500,"13 May 2026 22:26 UTC",CWE-78,"Improper Neutralization of Special Elements used in an OS","CVE-2026-8500: Web::Passwd versions through 0.03 for Perl is vulnerable to RCE"
CVE-2026-15043,"14 Jul 2026 09:45 UTC",CWE-480,"Use of Incorrect Operator","CVE-2026-15043: DBI::SQL::Nano versions from 1.42 before 1.651 for Perl have inverted <= and >= SQL operators on text"
CVE-2026-60082,"14 Jul 2026 15:36 UTC",CWE-125,"Out-of-bounds Read","CVE-2026-60082: DBI versions before 1.651 for Perl do not enforce statement handle consistency with the row"
CVE-2026-15392,"14 Jul 2026 15:39 UTC",CWE-22;CWE-59,"Improper Limitation of a Pathname to a Restricted Directory;Improper Link Resolution Before File Access ('Link Following')","CVE-2026-15392: DBD::File versions before 1.651 for Perl do not ensure the table file is not a symlink to an untrusted location"
CVE-2026-60081,"14 Jul 2026 15:39 UTC",CWE-770,"Allocation of Resources Without Limits or Throttling","CVE-2026-60081: DBI::ProfileData versions before 1.651 for Perl do not limit the path index"
CVE-2026-15747,"14 Jul 2026 17:11 UTC",CWE-204;CWE-352,"Observable Response Discrepancy;Cross-Site Request Forgery (CSRF)","CVE-2026-15747: Mojolicious versions from 4.59 before 9.48 for Perl expose a stable representation of the session CSRF token to a BREACH compression oracle"
CVE-2026-11526,"14 Jun 2026 20:24 UTC",CWE-78;CWE-73,"Improper Neutralization of Special Elements used in an OS;External Control of File Name or Path","CVE-2026-11526: GD versions before 2.86 for Perl allow OS command injection and file overwrite via a 2-arg open() of filename arguments in _make_filehandle"
CVE-2026-11527,"14 Jun 2026 20:28 UTC",CWE-78;CWE-73,"Improper Neutralization of Special Elements used in an OS;External Control of File Name or Path","CVE-2026-11527: Config::IniFiles versions before 3.001000 for Perl allow OS command injection and file overwrite via a 2-arg open() of the -file argument in _make_filehandle"
CVE-2026-73193,"15 Aug 2026 12:10 UTC",CWE-190;CWE-787,"Integer Overflow or Wraparound;Out-of-bounds Write","CVE-2026-73193: DBI versions before 1.652 for Perl allow a heap out-of-bounds write on 32-bit perl via an integer wraparound in the output buffer size computed by preparse"
CVE-2026-73194,"15 Aug 2026 12:11 UTC",CWE-1284;CWE-787,"Improper Validation of Specified Quantity in Input;Out-of-bounds Write","CVE-2026-73194: DBI versions before 1.652 for Perl allow a heap out-of-bounds write via an unvalidated numeric placeholder that sets the binder counter in preparse"
CVE-2026-15689,"15 Aug 2026 13:27 UTC",CWE-640,"Weak Password Recovery Mechanism for Forgotten Password","CVE-2026-15689: Dancer2::Plugin::Auth::Extensible versions through 0.713 for Perl allow password reset link poisoning via the request Host header in _default_email_password_reset and _default_welcome_send"
CVE-2026-12205,"15 Jun 2026 13:01 UTC",CWE-323,"Reusing a Nonce, Key Pair in Encryption","CVE-2026-12205: Crypt::DSA versions before 1.21 for Perl reused the nonce across signatures, leading to private-key recovery"
CVE-2026-12087,"15 Jun 2026 21:12 UTC",CWE-125;CWE-805,"Out-of-bounds Read;Buffer Access with Incorrect Length Value","CVE-2026-12087: Socket versions before 2.041 for Perl have an out-of-bounds heap read"
CVE-2026-11832,"15 Jun 2026 21:22 UTC",CWE-338,"Use of Cryptographically Weak Pseudo-Random Number Generator","CVE-2026-11832: Dancer2::Plugin::Auth::OAuth versions before 0.22 for Perl default to a predictable nonce"
CVE-2026-8612,"15 May 2026 01:16 UTC",CWE-732;CWE-502,"Incorrect Permission Assignment for Critical Resource;Deserialization of Untrusted Data","CVE-2026-8612: WWW::Mechanize::Cached versions before 2.00 for Perl deserialize cached HTTP responses from a world-writable on-disk cache, enabling local response forgery and code execution"
CVE-2026-8454,"15 May 2026 11:00 UTC",CWE-787,"Out-of-bounds Write","CVE-2026-8454: Imager::File::GIF versions through 1.002 for Perl allow a heap out of bounds (OOB) write on crafted multi-frame GIF files"
CVE-2026-8503,"15 May 2026 11:14 UTC",CWE-340;CWE-338,"Generation of Predictable Numbers or Identifiers;Use of Cryptographically Weak Pseudo-Random Number Generator","CVE-2026-8503: Apache::Session::Generate::SHA256 versions before 1.3.19 for Perl create insecure session ids"
CVE-2026-8669,"15 May 2026 13:39 UTC",CWE-787,"Out-of-bounds Write","CVE-2026-8669: Imager versions through 1.030 for Perl allow a heap out of bounds (OOB) write on crafted multi-frame GIF files"
CVE-2026-46474,"15 May 2026 17:43 UTC",CWE-331,"Insufficient Entropy","CVE-2026-46474: Trog::TOTP versions before 1.006 for Perl generate secrets using rand"
CVE-2026-8700,"15 May 2026 22:12 UTC",CWE-331,"Insufficient Entropy","CVE-2026-8700: Crypt::DSA versions before 1.20 for Perl generate seeds using rand"
CVE-2026-8704,"15 May 2026 22:21 UTC",CWE-552,"Files or Directories Accessible to External Parties","CVE-2026-8704: Crypt::DSA versions through 1.19 for Perl use 2-args open, allowing existing files to be modified"
CVE-2026-19349,"16 Aug 2026 13:24 UTC",CWE-305;CWE-628,"Authentication Bypass by Primary Weakness;Function Call with Incorrectly Specified Arguments","CVE-2026-19349: Lemonldap::NG::Portal versions from 2.0.0 before 2.16.9, from 2.17.0 before 2.21.5, from 2.22.0 before 2.23.3 for Perl allow authentication bypass via an OAuth2 state parameter stored as an SSO session in the GitHub and LinkedIn backends"
CVE-2026-72887,"16 Aug 2026 13:51 UTC",CWE-757,"Selection of Less-Secure Algorithm During Negotiation","CVE-2026-72887: Net::OAuth::Client versions before 0.32 for Perl allow the service provider to silently downgrade OAuth 1.0a to OAuth 1.0 in get_request_token"
CVE-2026-72888,"16 Aug 2026 13:52 UTC",CWE-770,"Allocation of Resources Without Limits or Throttling","CVE-2026-72888: Net::OAuth versions before 0.32 for Perl allow memory exhaustion via unbounded caching of failed module loads in smart_require"
CVE-2026-57074,"16 Jul 2026 16:16 UTC",CWE-125,"Out-of-bounds Read","CVE-2026-57074: XML::Bare versions through 0.53 for Perl have an unbounded character lookahead"
CVE-2026-13401,"16 Jul 2026 16:17 UTC",CWE-835,"Loop with Unreachable Exit Condition ('Infinite Loop')","CVE-2026-13401: XML::Bare versions through 0.53 for Perl will hang in an infinite loop when parsing malformed attributes"
CVE-2026-13397,"16 Jul 2026 16:18 UTC",CWE-835,"Loop with Unreachable Exit Condition ('Infinite Loop')","CVE-2026-13397: HTML::Bare versions through 0.04 for Perl will hang in an infinite loop when parsing malformed attributes"
CVE-2026-57073,"16 Jul 2026 16:18 UTC",CWE-125,"Out-of-bounds Read","CVE-2026-57073: HTML::Bare versions through 0.04 for Perl have an unbounded character lookahead"
CVE-2026-3031,"16 Jul 2026 16:23 UTC",CWE-1104,"Use of Unmaintained Third Party Components","CVE-2026-3031: Image::EPEG versions through 0.15 for Perl embeds an unsupported version of the Epeg library"
CVE-2026-13713,"16 Jul 2026 22:02 UTC",CWE-416;CWE-415,"Use After Free;Double Free","CVE-2026-13713: YAML::Syck versions before 1.47 for Perl allow a use-after-free and double-free via an anchor node freed while still on the parser value stack"
CVE-2026-57075,"16 Jul 2026 22:04 UTC",CWE-125,"Out-of-bounds Read","CVE-2026-57075: YAML::Syck versions before 1.47 for Perl allow an out-of-bounds read via a signed-char lookup-table index in syck_base64dec"
CVE-2026-57076,"16 Jul 2026 22:05 UTC",CWE-416,"Use After Free","CVE-2026-57076: YAML::Syck versions before 1.47 for Perl allow a heap use-after-free via an anchor name reused as an anchors-table key in syck_hdlr_add_anchor"
CVE-2026-57077,"16 Jul 2026 22:06 UTC",CWE-125,"Out-of-bounds Read","CVE-2026-57077: YAML::Syck versions before 1.47 for Perl allow an out-of-bounds read via an unbounded newline scan in newline_len"
CVE-2026-46719,"16 May 2026 13:39 UTC",CWE-93,"Improper Neutralization of CRLF Sequences","CVE-2026-46719: Net::Statsd::Lite versions before 0.9.0 for Perl allowed metric injections"
CVE-2026-13410,"17 Jul 2026 12:51 UTC",CWE-295,"Improper Certificate Validation","CVE-2026-13410: Dancer::Plugin::Auth::Google versions through 0.07 for Perl have TLS verification disabled"
CVE-2026-13082,"17 Jul 2026 12:55 UTC",CWE-338;CWE-804,"Use of Cryptographically Weak Pseudo-Random Number Generator;Guessable CAPTCHA","CVE-2026-13082: GD::SecurityImage versions through 1.75 for Perl use rand to generate secrets"
CVE-2026-14741,"17 Jul 2026 15:21 UTC",CWE-1333,"Inefficient Regular Expression Complexity","CVE-2026-14741: HTTP::Date versions before 6.08 for Perl allow CPU exhaustion via polynomial regex backtracking in parse_date"
CVE-2026-9537,"17 Jul 2026 15:31 UTC",CWE-208,"Observable Timing Discrepancy","CVE-2026-9537: Mojo::JWT versions before 1.02 for Perl verify HMAC signatures with a non-constant-time string comparison"
CVE-2026-46720,"17 May 2026 17:55 UTC",CWE-93,"Improper Neutralization of CRLF Sequences","CVE-2026-46720: Net::Statsd::Tiny versions before 0.3.8 for Perl allowed metric injections"
CVE-2026-8507,"17 May 2026 18:44 UTC",CWE-787,"Out-of-bounds Write","CVE-2026-8507: Crypt::OpenSSL::PKCS12 versions through 1.94 for Perl have out of bound (OOB) write flaws"
CVE-2026-8721,"17 May 2026 18:50 UTC",CWE-170,"Improper Null Termination","CVE-2026-8721: Crypt::OpenSSL::PKCS12 versions through 1.94 for Perl truncates passwords with embedded NULLs"
CVE-2026-73639,"17 Sep 2026 21:25 UTC",CWE-787,"Out-of-bounds Write","CVE-2026-73639: Imager::File::PNG versions from 1.003 before 1.004 for Perl write past the end of the row buffer reading a PNG with a tRNS transparency chunk in read_direct8"
CVE-2026-73638,"17 Sep 2026 21:27 UTC",CWE-125,"Out-of-bounds Read","CVE-2026-73638: Imager versions from 0.45_02 before 1.035 for Perl read outside the EXIF block via unchecked start offsets in tiff_load_ifd"
CVE-2026-9692,"18 Jun 2026 17:54 UTC",CWE-340;CWE-338,"Generation of Predictable Numbers or Identifiers;Use of Cryptographically Weak Pseudo-Random Number Generator","CVE-2026-9692: Mojolicious::Sessions::Storable versions through 0.05 for Perl generate session ids insecurely"
CVE-2026-8788,"18 May 2026 06:41 UTC",CWE-93,"Improper Neutralization of CRLF Sequences","CVE-2026-8788: Net::Statsd::Lite versions through 0.10.0 for Perl allowed metric injections"
CVE-2026-72889,"19 Aug 2026 07:23 UTC",CWE-347;CWE-757,"Improper Verification of Cryptographic Signature;Selection of Less-Secure Algorithm During Negotiation","CVE-2026-72889: Net::OAuth versions before 0.33 for Perl allow the sender to choose the signature algorithm in verify"
CVE-2026-75589,"19 Aug 2026 07:24 UTC",CWE-208,"Observable Timing Discrepancy","CVE-2026-75589: Net::OAuth versions before 0.33 for Perl check HMAC-SHA1, HMAC-SHA256 and PLAINTEXT signatures with a non-constant-time comparison in verify"
CVE-2026-5090,"19 May 2026 21:32 UTC",CWE-79,"Improper Neutralization of Input During Web Page Generation","CVE-2026-5090: Template::Plugin::HTML versions through 3.102 for Perl allows HTML and JavaScript to be injected"
CVE-2026-75628,"20 Aug 2026 00:43 UTC",CWE-601,"URL Redirection to Untrusted Site ('Open Redirect')","CVE-2026-75628: Punk::OAuth2 versions before 0.03 for Perl allow an attacker-chosen off-site redirect after login because same_origin_path accepts a backslash or tab in the return parameter"
CVE-2026-15743,"20 Aug 2026 18:16 UTC",CWE-524,"Use of Cache Containing Sensitive Information","CVE-2026-15743: Catalyst::Plugin::Static::Simple versions through 0.38 for Perl mark responses as publicly cacheable"
CVE-2026-16235,"20 Jul 2026 07:04 UTC",CWE-338,"Use of Cryptographically Weak Pseudo-Random Number Generator","CVE-2026-16235: Crypt::Password versions through 0.28 for Perl generate insecure random values for salts"
CVE-2026-6656,"20 Jul 2026 07:05 UTC",CWE-208,"Observable Timing Discrepancy","CVE-2026-6656: Crypt::Password versions through 0.28 for Perl are susceptible to timing attacks"
CVE-2026-13577,"20 Jul 2026 07:12 UTC",CWE-340;CWE-338,"Generation of Predictable Numbers or Identifiers;Use of Cryptographically Weak Pseudo-Random Number Generator","CVE-2026-13577: Dancer2 versions through 2.1.0 for Perl generate insecure session ids when CSPRNG modules are unavailable"
CVE-2026-64193,"20 Jul 2026 17:56 UTC",CWE-95,"Improper Neutralization of Directives in Dynamically Evaluated","CVE-2026-64193: Net::DNS versions through 1.55 for Perl allow remote execution injection via EDNS EXTENDED ERROR"
CVE-2026-64194,"20 Jul 2026 17:56 UTC",CWE-674,"Uncontrolled Recursion","CVE-2026-64194: Net::DNS versions through 1.55 for Perl allow Denial of Service via deep DNS compression pointer chains"
CVE-2026-9265,"20 Jun 2026 01:00 UTC",CWE-125,"Out-of-bounds Read","CVE-2026-9265: Crypt::OpenSSL::PKCS12 versions before 1.96 for Perl permits a heap OOB read in print_attribute UTF8STRING path"
CVE-2026-47373,"20 May 2026 20:27 UTC",CWE-208,"Observable Timing Discrepancy","CVE-2026-47373: Crypt::SaltedHash versions through 0.09 for Perl is susceptible to timing attacks"
CVE-2026-47372,"20 May 2026 22:09 UTC",CWE-338,"Use of Cryptographically Weak Pseudo-Random Number Generator","CVE-2026-47372: Crypt::SaltedHash versions through 0.09 for Perl generate insecure random values for salts"
CVE-2026-77781,"21 Aug 2026 23:59 UTC",CWE-248,"Uncaught Exception","CVE-2026-77781: Tie::Hash::Regex versions before 2.0.0 for Perl will throw an exception on unparseable lookup keys"
CVE-2026-65069,"21 Jul 2026 19:14 UTC",CWE-732;CWE-59,"Incorrect Permission Assignment for Critical Resource;Improper Link Resolution Before File Access","CVE-2026-65069: Data::DisjointSet::Shared versions before 0.02 for Perl create a world-readable mmap backing file and open it without O_EXCL or O_NOFOLLOW"
CVE-2026-65068,"21 Jul 2026 19:15 UTC",CWE-732;CWE-59,"Incorrect Permission Assignment for Critical Resource;Improper Link Resolution Before File Access","CVE-2026-65068: Data::SpatialHash::Shared versions before 0.02 for Perl create a world-readable mmap backing file and open it without O_EXCL or O_NOFOLLOW"
CVE-2026-65066,"21 Jul 2026 19:16 UTC",CWE-732;CWE-59,"Incorrect Permission Assignment for Critical Resource;Improper Link Resolution Before File Access","CVE-2026-65066: Data::RingBuffer::Shared versions before 0.04 for Perl create a world-readable mmap backing file and open it without O_EXCL or O_NOFOLLOW"
CVE-2026-65067,"21 Jul 2026 19:16 UTC",CWE-732;CWE-59,"Incorrect Permission Assignment for Critical Resource;Improper Link Resolution Before File Access","CVE-2026-65067: Data::Intern::Shared versions before 0.02 for Perl create a world-readable mmap backing file and open it without O_EXCL or O_NOFOLLOW"
CVE-2026-65064,"21 Jul 2026 19:18 UTC",CWE-732;CWE-59,"Incorrect Permission Assignment for Critical Resource;Improper Link Resolution Before File Access","CVE-2026-65064: Data::HashMap::Shared versions before 0.14 for Perl create a world-readable mmap backing file and open it without O_EXCL or O_NOFOLLOW"
CVE-2026-65065,"21 Jul 2026 19:18 UTC",CWE-732;CWE-59,"Incorrect Permission Assignment for Critical Resource;Improper Link Resolution Before File Access","CVE-2026-65065: Data::RoaringBitmap::Shared versions before 0.02 for Perl create a world-readable mmap backing file and open it without O_EXCL or O_NOFOLLOW"
CVE-2026-65062,"21 Jul 2026 19:19 UTC",CWE-732;CWE-59,"Incorrect Permission Assignment for Critical Resource;Improper Link Resolution Before File Access","CVE-2026-65062: Data::SortedSet::Shared versions before 0.03 for Perl create a world-readable mmap backing file and open it without O_EXCL or O_NOFOLLOW"
CVE-2026-65063,"21 Jul 2026 19:19 UTC",CWE-732;CWE-59,"Incorrect Permission Assignment for Critical Resource;Improper Link Resolution Before File Access","CVE-2026-65063: Data::RadixTree::Shared versions before 0.02 for Perl create a world-readable mmap backing file and open it without O_EXCL or O_NOFOLLOW"
CVE-2026-65061,"21 Jul 2026 19:20 UTC",CWE-732;CWE-59,"Incorrect Permission Assignment for Critical Resource;Improper Link Resolution Before File Access","CVE-2026-65061: Data::ReqRep::Shared versions before 0.05 for Perl create a world-readable mmap backing file and open it without O_EXCL or O_NOFOLLOW"
CVE-2026-64617,"21 Jul 2026 19:21 UTC",CWE-732;CWE-59,"Incorrect Permission Assignment for Critical Resource;Improper Link Resolution Before File Access","CVE-2026-64617: Data::PubSub::Shared versions before 0.07 for Perl create a world-readable mmap backing file and open it without O_EXCL or O_NOFOLLOW"
CVE-2026-64616,"21 Jul 2026 19:22 UTC",CWE-732;CWE-59,"Incorrect Permission Assignment for Critical Resource;Improper Link Resolution Before File Access","CVE-2026-64616: Data::NDArray::Shared versions before 0.02 for Perl create a world-readable mmap backing file and open it without O_EXCL or O_NOFOLLOW"
CVE-2026-64615,"21 Jul 2026 19:23 UTC",CWE-732;CWE-59,"Incorrect Permission Assignment for Critical Resource;Improper Link Resolution Before File Access","CVE-2026-64615: Data::Graph::Shared versions before 0.04 for Perl create a world-readable mmap backing file and open it without O_EXCL or O_NOFOLLOW"
CVE-2026-64613,"21 Jul 2026 19:24 UTC",CWE-732;CWE-59,"Incorrect Permission Assignment for Critical Resource;Improper Link Resolution Before File Access","CVE-2026-64613: Data::Buffer::Shared versions before 0.05 for Perl create a world-readable mmap backing file and open it without O_NOFOLLOW"
CVE-2026-64614,"21 Jul 2026 19:24 UTC",CWE-732;CWE-59,"Incorrect Permission Assignment for Critical Resource;Improper Link Resolution Before File Access","CVE-2026-64614: Data::Deque::Shared versions before 0.06 for Perl create a world-readable mmap backing file and open it without O_EXCL or O_NOFOLLOW"
CVE-2026-59147,"21 Jul 2026 19:25 UTC",CWE-787;CWE-125,"Out-of-bounds Write;Out-of-bounds Read","CVE-2026-59147: Data::DisjointSet::Shared versions before 0.02 for Perl allow out-of-bounds reads and writes via an unvalidated parent index in dsu_find"
CVE-2026-59145,"21 Jul 2026 19:26 UTC",CWE-125,"Out-of-bounds Read","CVE-2026-59145: Data::Intern::Shared versions before 0.02 for Perl allow an out-of-bounds read via unvalidated slot, reverse and arena indices in si_idx_find"
CVE-2026-59146,"21 Jul 2026 19:26 UTC",CWE-787;CWE-125,"Out-of-bounds Write;Out-of-bounds Read","CVE-2026-59146: Data::SpatialHash::Shared versions before 0.02 for Perl allow out-of-bounds reads and writes via unvalidated bucket, link and free-list indices in sph_walk_cell and sph_alloc_slot"
CVE-2026-59144,"21 Jul 2026 19:27 UTC",CWE-121,"Stack-based Buffer Overflow","CVE-2026-59144: Data::RingBuffer::Shared versions before 0.04 for Perl allow a stack buffer overflow via an unvalidated elem_size in ring_read_seq"
CVE-2026-59142,"21 Jul 2026 19:28 UTC",CWE-125,"Out-of-bounds Read","CVE-2026-59142: Data::HashMap::Shared versions before 0.14 for Perl allow an out-of-bounds read via an unvalidated arena offset and length in shm_str_copy"
CVE-2026-59143,"21 Jul 2026 19:28 UTC",CWE-125,"Out-of-bounds Read","CVE-2026-59143: Data::RoaringBitmap::Shared versions before 0.02 for Perl allow an out-of-bounds read via an unvalidated container offset and cardinality in rb_contains_locked"
CVE-2026-59140,"21 Jul 2026 19:29 UTC",CWE-125,"Out-of-bounds Read","CVE-2026-59140: Data::SortedSet::Shared versions before 0.03 for Perl allow an out-of-bounds read via unvalidated node indices in the rank and min/max query paths"
CVE-2026-59141,"21 Jul 2026 19:29 UTC",CWE-125,"Out-of-bounds Read","CVE-2026-59141: Data::RadixTree::Shared versions before 0.02 for Perl allow an out-of-bounds read via unvalidated node and arena indices in rdx_find_locked"
CVE-2026-59139,"21 Jul 2026 19:30 UTC",CWE-125,"Out-of-bounds Read","CVE-2026-59139: Data::ReqRep::Shared versions before 0.05 for Perl allow an out-of-bounds read via an unvalidated arena offset and length in reqrep_recv_locked"
CVE-2026-46473,"21 May 2026 18:55 UTC",CWE-331,"Insufficient Entropy","CVE-2026-46473: Authen::TOTP versions before 0.1.1 for Perl generate secrets using rand"
CVE-2026-5091,"21 May 2026 21:08 UTC",CWE-208,"Observable Timing Discrepancy","CVE-2026-5091: Catalyst::Plugin::Authentication versions through 0.10024 for Perl is susceptible to timing attacks"
CVE-2026-75870,"22 Aug 2026 13:37 UTC",CWE-1394,"Use of Default Cryptographic Key","CVE-2026-75870: Punk versions before 0.18 for Perl allow session cookie forgery via an empty default HMAC key when a session is declared without a secret"
CVE-2026-75866,"22 Aug 2026 13:54 UTC",CWE-862,"Missing Authorization","CVE-2026-75866: Punk::OAuth2::Server versions through 0.03 for Perl issue access tokens outside a client's registered scopes and grant types because no authorization path reads them"
CVE-2026-13089,"22 Jul 2026 20:32 UTC",CWE-347,"Improper Verification of Cryptographic Signature","CVE-2026-13089: OIDC::Lite versions through 0.12.1 for Perl allow ID Token signature verification bypass via a token-controlled algorithm allowlist in verify"
CVE-2026-11373,"22 Jun 2026 11:32 UTC",CWE-93;CWE-150,"Improper Neutralization of CRLF Sequences;Improper Neutralization of Escape, Meta, or Control Sequences","CVE-2026-11373: Net::Statsite::Client versions through 1.1.0 for Perl allow metric injections"
CVE-2026-75922,"23 Aug 2026 18:21 UTC",CWE-444;CWE-93,"Inconsistent Interpretation of HTTP Requests;Improper Neutralization of CRLF Sequences","CVE-2026-75922: Reverse::Proxy versions before 0.04 for Perl allow HTTP request smuggling via a percent-decoded PATH_INFO written unencoded to the upstream request line"
CVE-2026-19565,"23 Aug 2026 19:19 UTC",CWE-341,"Predictable from Observable State","CVE-2026-19565: Apache::AppSamurai::Util versions through 1.01 for Perl generate predictable session authentication keys from the clock and process id in CreateSessionAuthKey"
CVE-2026-78183,"23 Aug 2026 19:55 UTC",CWE-787,"Out-of-bounds Write","CVE-2026-78183: DBD::Pg version 3.21.0 for Perl has a heap out-of-bounds write in quote_float"
CVE-2026-9733,"23 Jun 2026 07:05 UTC",CWE-340;CWE-338,"Generation of Predictable Numbers or Identifiers;Use of Cryptographically Weak Pseudo-Random Number Generator","CVE-2026-9733: Mojolicious::Plugin::Web::Auth::OAuth2 versions through 0.17 for Perl have an insecure default state parameter"
CVE-2026-16634,"24 Jul 2026 09:16 UTC",CWE-1104;CWE-1395,"Use of Unmaintained Third Party Components;Dependency on Vulnerable Third-Party Component","CVE-2026-16634: TOML::XS versions before 0.06 for Perl bundle an unsupported and vulnerable version of tomlc99"
CVE-2026-58586,"24 Jul 2026 15:03 UTC",CWE-1395,"Dependency on Vulnerable Third-Party Component","CVE-2026-58586: Image::WebP versions through 0.2 for Perl bundle a vulnerable version of libwebp"
CVE-2026-78619,"25 Aug 2026 21:22 UTC",CWE-305;CWE-1025,"Authentication Bypass by Primary Weakness;Comparison Using Wrong Factors","CVE-2026-78619: Punk::Plugin::TOTP versions before 0.05 for Perl accept another account's recovery code at the two-factor challenge because totp_use_recovery compares user identifiers numerically"
CVE-2026-78655,"25 Aug 2026 21:25 UTC",CWE-307;CWE-642,"Improper Restriction of Excessive Authentication Attempts;External Control of Critical State Data","CVE-2026-78655: Punk::Plugin::TOTP versions before 0.05 for Perl allow the second-factor attempt limit to be reset by replaying an earlier session cookie because the challenge route counts failures in the session"
CVE-2026-16766,"25 Jul 2026 08:13 UTC",CWE-78,"Improper Neutralization of Special Elements used in an OS","CVE-2026-16766: Catalyst::View::Wkhtmltopdf versions before 0.6.1 for Perl allow shell command injection (RCE) via PDF render options"
CVE-2026-12844,"25 Jun 2026 16:27 UTC",CWE-787;CWE-122,"Out-of-bounds Write;Heap-based Buffer Overflow","CVE-2026-12844: List::SomeUtils::XS versions before 0.59 for Perl have a heap buffer overflow in the pairwise function"
CVE-2026-8376,"25 May 2026 23:55 UTC",CWE-680,"Integer Overflow to Buffer Overflow","CVE-2026-8376: Perl versions through 5.43.10 have a heap buffer overflow when compiling regular expressions with a repeated fixed string on 32-bit builds"
CVE-2026-11625,"26 Jun 2026 08:09 UTC",CWE-335,"Incorrect Usage of Seeds in Pseudo-Random Number Generator","CVE-2026-11625: Bytes::Random::Secure versions through 0.29 for Perl share internal state across forked processes"
CVE-2026-11702,"26 Jun 2026 08:15 UTC",CWE-335,"Incorrect Usage of Seeds in Pseudo-Random Number Generator","CVE-2026-11702: Bytes::Random::Secure::Tiny versions through 1.011 for Perl share internal state across forked processes"
CVE-2026-42496,"26 May 2026 00:22 UTC",CWE-59,"Improper Link Resolution Before File Access ('Link Following')","CVE-2026-42496: Archive::Tar versions before 3.08 for Perl extract symlinks with attacker controlled targets outside the extraction directory"
CVE-2026-42497,"26 May 2026 00:25 UTC",CWE-59;CWE-732,"Improper Link Resolution Before File Access ('Link Following');Incorrect Permission Assignment for Critical Resource","CVE-2026-42497: Archive::Tar versions before 3.08 for Perl extract hardlinks to attacker controlled paths outside the extraction directory"
CVE-2026-9538,"26 May 2026 00:28 UTC",CWE-789,"Memory Allocation with Excessive Size Value","CVE-2026-9538: Archive::Tar versions before 3.10 for Perl allow memory exhaustion via attacker controlled entry size field in tar header"
CVE-2026-46740,"26 May 2026 22:49 UTC",CWE-93,"Improper Neutralization of CRLF Sequences","CVE-2026-46740: Mojolicious::Plugin::Statsd versions through 0.04 for Perl allowed metric injections"
CVE-2026-8647,"26 May 2026 22:55 UTC",CWE-338,"Use of Cryptographically Weak Pseudo-Random Number Generator","CVE-2026-8647: Crypt::ScryptKDF versions through 0.010 for Perl uses insecure random number source when no CSPRNG module is available"
CVE-2026-17552,"27 Jul 2026 18:11 UTC",CWE-918,"Server-Side Request Forgery (SSRF)","CVE-2026-17552: Plack::App::Prerender versions before 0.3.0 for Perl can proxy to an arbitrary host via unvalidated REQUEST_URI concatenation in call"
CVE-2025-15649,"27 May 2026 02:27 UTC",CWE-248,"Uncaught Exception","CVE-2025-15649: IO::Uncompress::Unzip versions before 2.215 for Perl propagate uncaught exception when parsing zip header with malformed DOS date"
CVE-2026-48959,"27 May 2026 02:32 UTC",CWE-407,"Inefficient Algorithmic Complexity","CVE-2026-48959: IO::Uncompress::Unzip versions before 2.220 for Perl allow CPU exhaustion via per-byte read loop in fastForward"
CVE-2026-48961,"27 May 2026 02:52 UTC",CWE-755,"Improper Handling of Exceptional Conditions","CVE-2026-48961: IO::Compress versions from 2.207 before 2.220 for Perl ship a zipdetails CLI tool that crashes with undefined subroutine on Info-ZIP Unix Extra Field with 8-byte UID or GID"
CVE-2026-48962,"27 May 2026 03:16 UTC",CWE-95,"Improper Neutralization of Directives in Dynamically Evaluated","CVE-2026-48962: IO::Compress versions before 2.220 for Perl can execute arbitrary code in File::GlobMapper via an attacker-controlled output glob"
CVE-2026-8450,"27 May 2026 04:26 UTC",CWE-78;CWE-73,"Improper Neutralization of Special Elements used in an OS;External Control of File Name or Path","CVE-2026-8450: HTTP::Daemon versions before 6.17 for Perl allow OS command injection via send_file()"
CVE-2026-9658,"28 May 2026 11:39 UTC",CWE-790;CWE-113,"Improper Filtering of Special Elements;Improper Neutralization of CRLF Sequences in HTTP Headers","CVE-2026-9658: Plack::Middleware::Security::Common versions before 0.13.1 for Perl did not block header injections in request paths"
CVE-2026-41565,"28 May 2026 14:16 UTC",CWE-121,"Stack-based Buffer Overflow","CVE-2026-41565: CryptX versions before 0.088_001 for Perl have a stack buffer overflow in four AEAD decrypt_verify helpers"
CVE-2026-56017,"29 Jun 2026 19:40 UTC",CWE-476;CWE-125,"NULL Pointer Dereference;Out-of-bounds Read","CVE-2026-56017: JavaScript::Minifier::XS versions before 0.16 for Perl crash with a NULL pointer dereference when the first meaningful token of the input is a slash"
CVE-2026-13593,"29 Jun 2026 19:41 UTC",CWE-401,"Missing Release of Memory after Effective Lifetime","CVE-2026-13593: CSS::Minifier::XS versions before 0.14 for Perl have a memory leak when the entire document is minified away"
CVE-2026-56018,"29 Jun 2026 19:41 UTC",CWE-401;CWE-400,"Missing Release of Memory after Effective Lifetime;Uncontrolled Resource Consumption","CVE-2026-56018: JavaScript::Minifier::XS versions before 0.16 for Perl leak memory on every call to minify(), allowing unbounded memory growth"
CVE-2026-13758,"29 Jun 2026 20:45 UTC",CWE-208,"Observable Timing Discrepancy","Subject: CVE-2026-13758: CryptX versions before 0.088_001 for Perl compare AEAD authentication tags in non-constant time in the streaming decrypt_done path"
CVE-2026-60074,"30 Jul 2026 13:43 UTC",CWE-1289,"Improper Validation of Unsafe Equivalence in Input","CVE-2026-60074: Date::Manip versions through 6.99 for Perl return corrupted dates via non-ASCII decimal digits that pass the numeric range tests in check"
CVE-2026-60075,"30 Jul 2026 13:44 UTC",CWE-1333,"Inefficient Regular Expression Complexity","CVE-2026-60075: Date::Manip versions through 6.99 for Perl allow CPU exhaustion via quadratic backtracking in the unanchored time substitution in _parse_time"
CVE-2026-57079,"30 Jun 2026 11:06 UTC",CWE-22,"Improper Limitation of a Pathname to a Restricted Directory","CVE-2026-57079: Net::BitTorrent versions through 2.0.1 for Perl write files outside the download directory via path traversal in peer-supplied metadata"
CVE-2026-57080,"30 Jun 2026 11:07 UTC",CWE-770;CWE-400,"Allocation of Resources Without Limits or Throttling;Uncontrolled Resource Consumption","CVE-2026-57080: Net::BitTorrent versions through 2.0.1 for Perl allow remote memory exhaustion via an uncapped peer-wire message-length prefix"
CVE-2026-57081,"30 Jun 2026 11:09 UTC",CWE-674;CWE-400,"Uncontrolled Recursion;Uncontrolled Resource Consumption","CVE-2026-57081: Net::BitTorrent versions through 2.0.1 for Perl allow remote memory exhaustion via deeply nested bencoded input"
CVE-2026-57082,"30 Jun 2026 11:10 UTC",CWE-338;CWE-330,"Use of Cryptographically Weak Pseudo-Random Number Generator;Use of Insufficiently Random Values","CVE-2026-57082: Net::BitTorrent versions through 2.0.1 for Perl generate the MSE Diffie-Hellman private key with a non-cryptographic PRNG"
CVE-2026-13766,"30 Jun 2026 11:21 UTC",CWE-89,"Improper Neutralization of Special Elements used in an SQL","CVE-2026-13766: DBIx::QuickORM versions before 0.000026 for Perl allow SQL injection via unquoted SQL identifiers"
CVE-2026-8594,"30 May 2026 15:36 UTC",CWE-405;CWE-407,"Asymmetric Resource Consumption (Amplification);Inefficient Algorithmic Complexity","CVE-2026-8594: Text::LineFold versions through 2019.001 for Perl duplicate the output based on the number of special break characters"
CVE-2026-19873,"31 Aug 2026 10:08 UTC",CWE-1284;CWE-770,"Improper Validation of Specified Quantity in Input;Allocation of Resources Without Limits or Throttling","CVE-2026-19873: HTML::FormFu versions through 2.08 for Perl allow resource exhaustion via an unbounded repeat count from the query string in Repeatable elements"
CVE-2026-19953,"31 Aug 2026 17:31 UTC",CWE-1289,"Improper Validation of Unsafe Equivalence in Input","CVE-2026-19953: URI versions before 5.36 for Perl encode non-NFC host names to non-standard punycode labels via missing normalization in nameprep"
CVE-2026-8796,"31 May 2026 19:50 UTC",CWE-125,"Out-of-bounds Read","CVE-2026-8796: Sereal::Decoder versions before 5.005 for Perl allow heap out-of-bounds read via crafted input"
